Workbook

Sheet 01.10
B4: TARİH | C4: 46296
C5: MİSAFİR | D5: GİRİŞ | E5: ÇIKIŞ | F5: TOPLAM | G5: ODA FİYATI | H5: TOPLAM | I5: ÖDEME TİPİ
B6: ODA NO | C6: ADI SOYADI | D6: TARİHİ | E6: TARİHİ | F6: GECELEME | G6: TL | H6: TUTAR | I6: NAKİT | J6: KREDİ KARTI | K6: HAVALE | L6: DÜNDEN DEVİR | M6: BAKİYE
B7: 101 | H7: =SUM(F7*G7) -> 0 | L7: ='[1]30.09'!$M$7 -> 0 | M7: =G7-I7-J7-K7+L7 -> 0
B8: 102 | H8: =SUM(F8*G8) -> 0 | L8: ='[1]30.09'!$M$8 -> 0 | M8: =G8-I8-J8-K8+L8 -> 0
B9: 103 | H9: =SUM(F9*G9) -> 0 | L9: ='[1]30.09'!$M$9 -> 0 | M9: =G9-I9-J9-K9+L9 -> 0
B10: 201 | H10: =SUM(F10*G10) -> 0 | L10: ='[1]30.09'!$M$10 -> 0 | M10: =G10-I10-J10-K10+L10 -> 0
B11: 202 | C11: SAMARDAK MILENA | D11: 01,10,2026 | E11: 4,10,2026 | F11: 4 | G11: 2000 | H11: =SUM(F11*G11) -> 8000 | I11: 8000 | L11: ='[1]30.09'!$M$11 -> 0 | M11: =G11-I11-J11-K11+L11 -> -6000
B12: 203 | C12: Ekatarina | D12: 01,10,2026 | E12: 4,10,2026 | F12: 4 | G12: 2000 | H12: =SUM(F12*G12) -> 8000 | I12: 8000 | L12: ='[1]30.09'!$M$12 -> 0 | M12: =G12-I12-J12-K12+L12 -> -6000
B13: 301 | H13: =SUM(F13*G13) -> 0 | L13: ='[1]30.09'!$M$13 -> 0 | M13: =G13-I13-J13-K13+L13 -> 0
B14: 302 | H14: =SUM(F14*G14) -> 0 | L14: ='[1]30.09'!$M$14 -> 0 | M14: =G14-I14-J14-K14+L14 -> 0
B15: 303 | H15: =SUM(F15*G15) -> 0 | L15: ='[1]30.09'!$M$15 -> 0 | M15: =G15-I15-J15-K15+L15 -> 0
B16: 401 | H16: =SUM(F16*G16) -> 0 | L16: ='[1]30.09'!$M$16 -> 0 | M16: =G16-I16-J16-K16+L16 -> 0
B17: 402 | H17: =SUM(F17*G17) -> 0 | L17: ='[1]30.09'!$M$17 -> 0 | M17: =G17-I17-J17-K17+L17 -> 0
B18: 403 | H18: =SUM(F18*G18) -> 0 | L18: ='[1]30.09'!$M$18 -> 0 | M18: =G18-I18-J18-K18+L18 -> 0
B19: 501 | H19: =SUM(F19*G19) -> 0 | L19: ='[1]30.09'!$M$19 -> 0 | M19: =G19-I19-J19-K19+L19 -> 0
B20: 502 | H20: =SUM(F20*G20) -> 0 | L20: ='[1]30.09'!$M$20 -> 0 | M20: =G20-I20-J20-K20+L20 -> 0
B21: 503 | C21: Aleksey | D21: 01,10,2026 | E21: 4,10,2026 | F21: 4 | G21: 2820 | H21: =SUM(F21*G21) -> 11280 | I21: 11280 | L21: ='[1]30.09'!$M$21 -> 0 | M21: =G21-I21-J21-K21+L21 -> -8460
B22: 601 | H22: =SUM(F22*G22) -> 0 | L22: ='[1]30.09'!$M$22 -> 0 | M22: =G22-I22-J22-K22+L22 -> 0
B23: 602 | H23: =SUM(F23*G23) -> 0 | L23: ='[1]30.09'!$M$23 -> 0 | M23: =G23-I23-J23-K23+L23 -> 0
H25: TOPLAM | I25: =SUM(I7:I23) -> 27280 | J25: =SUM(J7:J23) -> 0 | K25: =SUM(K7:K23) -> 0

Sheet 02.10
B4: TARİH | C4: 46297
C5: MİSAFİR | D5: GİRİŞ | E5: ÇIKIŞ | F5: TOPLAM | G5: ODA FİYATI | H5: TOPLAM | I5: ÖDEME TİPİ
B6: ODA NO | C6: ADI SOYADI | D6: TARİHİ | E6: TARİHİ | F6: GECELEME | G6: TL | H6: TUTAR | I6: NAKİT | J6: KREDİ KARTI | K6: HAVALE | L6: DÜNDEN DEVİR | M6: BAKİYE
B7: 101 | H7: =SUM(F7*G7) -> 0 | L7: ='01.10'!M7 -> 0 | M7: =G7-I7-J7-K7+L7 -> 0
B8: 102 | C8: Ali Veli | H8: =SUM(F8*G8) -> 0 | L8: ='01.10'!M8 -> 0 | M8: =G8-I8-J8-K8+L8 -> 0
B9: 103 | H9: =SUM(F9*G9) -> 0 | L9: ='01.10'!M9 -> 0 | M9: =G9-I9-J9-K9+L9 -> 0
B10: 201 | H10: =SUM(F10*G10) -> 0 | L10: ='01.10'!M10 -> 0 | M10: =G10-I10-J10-K10+L10 -> 0
B11: 202 | C11: SAMARDAK MILENA | D11: 01,10,2026 | E11: 4,10,2026 | F11: 4 | G11: 2000 | H11: =SUM(F11*G11) -> 8000 | L11: ='01.10'!M11 -> -6000 | M11: =G11-I11-J11-K11+L11 -> -4000
B12: 203 | C12: Ekatarina | D12: 01,10,2026 | E12: 4,10,2026 | F12: 4 | G12: 2000 | H12: =SUM(F12*G12) -> 8000 | L12: ='01.10'!M12 -> -6000 | M12: =G12-I12-J12-K12+L12 -> -4000
B13: 301 | H13: =SUM(F13*G13) -> 0 | L13: ='01.10'!M13 -> 0 | M13: =G13-I13-J13-K13+L13 -> 0
B14: 302 | H14: =SUM(F14*G14) -> 0 | L14: ='01.10'!M14 -> 0 | M14: =G14-I14-J14-K14+L14 -> 0
B15: 303 | H15: =SUM(F15*G15) -> 0 | L15: ='01.10'!M15 -> 0 | M15: =G15-I15-J15-K15+L15 -> 0
B16: 401 | H16: =SUM(F16*G16) -> 0 | L16: ='01.10'!M16 -> 0 | M16: =G16-I16-J16-K16+L16 -> 0
B17: 402 | H17: =SUM(F17*G17) -> 0 | L17: ='01.10'!M17 -> 0 | M17: =G17-I17-J17-K17+L17 -> 0
B18: 403 | H18: =SUM(F18*G18) -> 0 | L18: ='01.10'!M18 -> 0 | M18: =G18-I18-J18-K18+L18 -> 0
B19: 501 | H19: =SUM(F19*G19) -> 0 | L19: ='01.10'!M19 -> 0 | M19: =G19-I19-J19-K19+L19 -> 0
B20: 502 | H20: =SUM(F20*G20) -> 0 | L20: ='01.10'!M20 -> 0 | M20: =G20-I20-J20-K20+L20 -> 0
B21: 503 | C21: Aleksey | D21: 01,10,2026 | E21: 4,10,2026 | F21: 4 | G21: 2820 | H21: =SUM(F21*G21) -> 11280 | L21: ='01.10'!M21 -> -8460 | M21: =G21-I21-J21-K21+L21 -> -5640
B22: 601 | H22: =SUM(F22*G22) -> 0 | L22: ='01.10'!M22 -> 0 | M22: =G22-I22-J22-K22+L22 -> 0
B23: 602 | H23: =SUM(F23*G23) -> 0 | L23: ='01.10'!M23 -> 0 | M23: =G23-I23-J23-K23+L23 -> 0
H25: TOPLAM | I25: =SUM(I7:I23) -> 0 | J25: =SUM(J7:J23) -> 0 | K25: =SUM(K7:K23) -> 0

Sheet 03.10
B4: TARİH | C4: 46298
C5: MİSAFİR | D5: GİRİŞ | E5: ÇIKIŞ | F5: TOPLAM | G5: ODA FİYATI | H5: TOPLAM | I5: ÖDEME TİPİ
B6: ODA NO | C6: ADI SOYADI | D6: TARİHİ | E6: TARİHİ | F6: GECELEME | G6: TL | H6: TUTAR | I6: NAKİT | J6: KREDİ KARTI | K6: HAVALE | L6: DÜNDEN DEVİR | M6: BAKİYE
B7: 101 | H7: =SUM(F7*G7) -> 0 | L7: ='02.10'!M7 -> 0 | M7: =G7-I7-J7-K7+L7 -> 0
B8: 102 | H8: =SUM(F8*G8) -> 0 | L8: ='02.10'!M8 -> 0 | M8: =G8-I8-J8-K8+L8 -> 0
B9: 103 | H9: =SUM(F9*G9) -> 0 | L9: ='02.10'!M9 -> 0 | M9: =G9-I9-J9-K9+L9 -> 0
B10: 201 | H10: =SUM(F10*G10) -> 0 | L10: ='02.10'!M10 -> 0 | M10: =G10-I10-J10-K10+L10 -> 0
B11: 202 | C11: SAMARDAK MILENA | D11: 01,10,2026 | E11: 4,10,2026 | F11: 4 | G11: 2000 | H11: =SUM(F11*G11) -> 8000 | L11: ='02.10'!M11 -> -4000 | M11: =G11-I11-J11-K11+L11 -> -2000
B12: 203 | C12: Ekatarina | D12: 01,10,2026 | E12: 4,10,2026 | F12: 4 | G12: 2000 | H12: =SUM(F12*G12) -> 8000 | L12: ='02.10'!M12 -> -4000 | M12: =G12-I12-J12-K12+L12 -> -2000
B13: 301 | H13: =SUM(F13*G13) -> 0 | L13: ='02.10'!M13 -> 0 | M13: =G13-I13-J13-K13+L13 -> 0
B14: 302 | H14: =SUM(F14*G14) -> 0 | L14: ='02.10'!M14 -> 0 | M14: =G14-I14-J14-K14+L14 -> 0
B15: 303 | H15: =SUM(F15*G15) -> 0 | L15: ='02.10'!M15 -> 0 | M15: =G15-I15-J15-K15+L15 -> 0
B16: 401 | H16: =SUM(F16*G16) -> 0 | L16: ='02.10'!M16 -> 0 | M16: =G16-I16-J16-K16+L16 -> 0
B17: 402 | H17: =SUM(F17*G17) -> 0 | L17: ='02.10'!M17 -> 0 | M17: =G17-I17-J17-K17+L17 -> 0
B18: 403 | H18: =SUM(F18*G18) -> 0 | L18: ='02.10'!M18 -> 0 | M18: =G18-I18-J18-K18+L18 -> 0
B19: 501 | H19: =SUM(F19*G19) -> 0 | L19: ='02.10'!M19 -> 0 | M19: =G19-I19-J19-K19+L19 -> 0
B20: 502 | H20: =SUM(F20*G20) -> 0 | L20: ='02.10'!M20 -> 0 | M20: =G20-I20-J20-K20+L20 -> 0
B21: 503 | C21: Aleksey | D21: 01,10,2026 | E21: 4,10,2026 | F21: 4 | G21: 2820 | H21: =SUM(F21*G21) -> 11280 | L21: ='02.10'!M21 -> -5640 | M21: =G21-I21-J21-K21+L21 -> -2820
B22: 601 | H22: =SUM(F22*G22) -> 0 | L22: ='02.10'!M22 -> 0 | M22: =G22-I22-J22-K22+L22 -> 0
B23: 602 | H23: =SUM(F23*G23) -> 0 | L23: ='02.10'!M23 -> 0 | M23: =G23-I23-J23-K23+L23 -> 0
H25: TOPLAM | I25: =SUM(I7:I23) -> 0 | J25: =SUM(J7:J23) -> 0 | K25: =SUM(K7:K23) -> 0

Sheet 04.10
B4: TARİH | C4: 46299
C5: MİSAFİR | D5: GİRİŞ | E5: ÇIKIŞ | F5: TOPLAM | G5: ODA FİYATI | H5: TOPLAM | I5: ÖDEME TİPİ
B6: ODA NO | C6: ADI SOYADI | D6: TARİHİ | E6: TARİHİ | F6: GECELEME | G6: TL | H6: TUTAR | I6: NAKİT | J6: KREDİ KARTI | K6: HAVALE | L6: DÜNDEN DEVİR | M6: BAKİYE
B7: 101 | H7: =SUM(F7*G7) -> 0 | L7: ='03.10'!M7 -> 0 | M7: =G7-I7-J7-K7+L7 -> 0
B8: 102 | H8: =SUM(F8*G8) -> 0 | L8: ='03.10'!M8 -> 0 | M8: =G8-I8-J8-K8+L8 -> 0
B9: 103 | H9: =SUM(F9*G9) -> 0 | L9: ='03.10'!M9 -> 0 | M9: =G9-I9-J9-K9+L9 -> 0
B10: 201 | H10: =SUM(F10*G10) -> 0 | L10: ='03.10'!M10 -> 0 | M10: =G10-I10-J10-K10+L10 -> 0
B11: 202 | H11: =SUM(F11*G11) -> 0 | L11: ='03.10'!M11 -> -2000 | M11: =G11-I11-J11-K11+L11 -> -2000
B12: 203 | H12: =SUM(F12*G12) -> 0 | L12: ='03.10'!M12 -> -2000 | M12: =G12-I12-J12-K12+L12 -> -2000
B13: 301 | H13: =SUM(F13*G13) -> 0 | L13: ='03.10'!M13 -> 0 | M13: =G13-I13-J13-K13+L13 -> 0
B14: 302 | H14: =SUM(F14*G14) -> 0 | L14: ='03.10'!M14 -> 0 | M14: =G14-I14-J14-K14+L14 -> 0
B15: 303 | H15: =SUM(F15*G15) -> 0 | L15: ='03.10'!M15 -> 0 | M15: =G15-I15-J15-K15+L15 -> 0
B16: 401 | H16: =SUM(F16*G16) -> 0 | L16: ='03.10'!M16 -> 0 | M16: =G16-I16-J16-K16+L16 -> 0
B17: 402 | H17: =SUM(F17*G17) -> 0 | L17: ='03.10'!M17 -> 0 | M17: =G17-I17-J17-K17+L17 -> 0
B18: 403 | H18: =SUM(F18*G18) -> 0 | L18: ='03.10'!M18 -> 0 | M18: =G18-I18-J18-K18+L18 -> 0
... B20: 502 | H20: =SUM(F20*G20) -> 0 | L20: ='03.10'!M20 -> 0 | M20: =G20-I20-J20-K20+L20 -> 0
B21: 503 | C21: Aleksey | D21: 01,10,2026 | E21: 4,10,2026 | F21: 4 | G21: 2820 | H21: =SUM(F21*G21) -> 11280 | L21: ='03.10'!M21 -> -2820 | M21: =G21-I21-J21-K21+L21 -> 0
B22: 601 | H22: =SUM(F22*G22) -> 0 | L22: ='03.10'!M22 -> 0 | M22: =G22-I22-J22-K22+L22 -> 0
B23: 602 | H23: =SUM(F23*G23) -> 0 | L23: ='03.10'!M23 -> 0 | M23: =G23-I23-J23-K23+L23 -> 0
H25: TOPLAM | I25: =SUM(I7:I23) -> 0 | J25: =SUM(J7:J23) -> 0 | K25: =SUM(K7:K23) -> 0

Sheet 05.10
B4: TARİH | C4: 46300
C5: MİSAFİR | D5: GİRİŞ | E5: ÇIKIŞ | F5: TOPLAM | G5: ODA FİYATI | H5: TOPLAM | I5: ÖDEME TİPİ
B6: ODA NO | C6: ADI SOYADI | D6: TARİHİ | E6: TARİHİ | F6: GECELEME | G6: TL | H6: TUTAR | I6: NAKİT | J6: KREDİ KARTI | K6: HAVALE | L6: DÜNDEN DEVİR | M6: BAKİYE
B7: 101 | H7: =SUM(F7*G7) -> 0 | L7: ='04.10'!M7 -> 0 | M7: =G7-I7-J7-K7+L7 -> 0
B8: 102 | H8: =SUM(F8*G8) -> 0 | L8: ='04.10'!M8 -> 0 | M8: =G8-I8-J8-K8+L8 -> 0
B9: 103 | H9: =SUM(F9*G9) -> 0 | L9: ='04.10'!M9 -> 0 | M9: =G9-I9-J9-K9+L9 -> 0
B10: 201 | H10: =SUM(F10*G10) -> 0 | L10: ='04.10'!M10 -> 0 | M10: =G10-I10-J10-K10+L10 -> 0
B11: 202 | C11: 1 | H11: =SUM(F11*G11) -> 0 | L11: ='04.10'!M11 -> -2000 | M11: =G11-I11-J11-K11+L11 -> -2000
B12: 203 | H12: =SUM(F12*G12) -> 0 | L12: ='04.10'!M12 -> -2000 | M12: =G12-I12-J12-K12+L12 -> -2000
B13: 301 | H13: =SUM(F13*G13) -> 0 | L13: ='04.10'!M13 -> 0 | M13: =G13-I13-J13-K13+L13 -> 0
B14: 302 | H14: =SUM(F14*G14) -> 0 | L14: ='04.10'!M14 -> 0 | M14: =G14-I14-J14-K14+L14 -> 0
B15: 303 | H15: =SUM(F15*G15) -> 0 | L15: ='04.10'!M15 -> 0 | M15: =G15-I15-J15-K15+L15 -> 0
B16: 401 | H16: =SUM(F16*G16) -> 0 | L16: ='04.10'!M16 -> 0 | M16: =G16-I16-J16-K16+L16 -> 0
B17: 402 | H17: =SUM(F17*G17) -> 0 | L17: ='04.10'!M17 -> 0 | M17: =G17-I17-J17-K17+L17 -> 0
B18: 403 | H18: =SUM(F18*G18) -> 0 | L18: ='04.10'!M18 -> 0 | M18: =G18-I18-J18-K18+L18 -> 0
B19: 501 | H19: =SUM(F19*G19) -> 0 | L19: ='04.10'!M19 -> 0 | M19: =G19-I19-J19-K19+L19 -> 0
B20: 502 | H20: =SUM(F20*G20) -> 0 | L20: ='04.10'!M20 -> 0 | M20: =G20-I20-J20-K20+L20 -> 0
B21: 503 | H21: =SUM(F21*G21) -> 0 | L21: ='04.10'!M21 -> 0 | M21: =G21-I21-J21-K21+L21 -> 0
B22: 601 | H22: =SUM(F22*G22) -> 0 | L22: ='04.10'!M22 -> 0 | M22: =G22-I22-J22-K22+L22 -> 0
B23: 602 | H23: =SUM(F23*G23) -> 0 | L23: ='04.10'!M23 -> 0 | M23: =G23-I23-J23-K23+L23 -> 0
H25: TOPLAM | I25: =SUM(I7:I23) -> 0 | J25: =SUM(J7:J23) -> 0 | K25: =SUM(K7:K23) -> 0

Sheet 06.10
B4: TARİH | C4: 46301
C5: MİSAFİR | D5: GİRİŞ | E5: ÇIKIŞ | F5: TOPLAM | G5: ODA FİYATI | H5: TOPLAM | I5: ÖDEME TİPİ
B6: ODA NO | C6: ADI SOYADI | D6: TARİHİ | E6: TARİHİ | F6: GECELEME | G6: TL | H6: TUTAR | I6: NAKİT | J6: KREDİ KARTI | K6: HAVALE | L6: DÜNDEN DEVİR | M6: BAKİYE
B7: 101 | H7: =SUM(F7*G7) -> 0 | L7: ='05.10'!M7 -> 0 | M7: =G7-I7-J7-K7+L7 -> 0
B8: 102 | H8: =SUM(F8*G8) -> 0 | L8: ='05.10'!M8 -> 0 | M8: =G8-I8-J8-K8+L8 -> 0
B9: 103 | H9: =SUM(F9*G9) -> 0 | L9: ='05.10'!M9 -> 0 | M9: =G9-I9-J9-K9+L9 -> 0
B10: 201 | H10: =SUM(F10*G10) -> 0 | L10: ='05.10'!M10 -> 0 | M10: =G10-I10-J10-K10+L10 -> 0
B11: 202 | H11: =SUM(F11*G11) -> 0 | L11: ='05.10'!M11 -> -2000 | M11: =G11-I11-J11-K11+L11 -> -2000
B12: 203 | H12: =SUM(F12*G12) -> 0 | L12: ='05.10'!M12 -> -2000 | M12: =G12-I12-J12-K12+L12 -> -2000
B13: 301 | H13: =SUM(F13*G13) -> 0 | L13: ='05.10'!M13 -> 0 | M13: =G13-I13-J13-K13+L13 -> 0
B14: 302 | H14: =SUM(F14*G14) -> 0 | L14: ='05.10'!M14 -> 0 | M14: =G14-I14-J14-K14+L14 -> 0
B15: 303 | H15: =SUM(F15*G15) -> 0 | L15: ='05.10'!M15 -> 0 | M15: =G15-I15-J15-K15+L15 -> 0
B16: 401 | H16: =SUM(F16*G16) -> 0 | L16: ='05.10'!M16 -> 0 | M16: =G16-I16-J16-K16+L16 -> 0
B17: 402 | H17: =SUM(F17*G17) -> 0 | L17: ='05.10'!M17 -> 0 | M17: =G17-I17-J17-K17+L17 -> 0
B18: 403 | H18: =SUM(F18*G18) -> 0 | L18: ='05.10'!M18 -> 0 | M18: =G18-I18-J18-K18+L18 -> 0
... B23: 602 | H23: =SUM(F23*G23) -> 0 | L23: ='05.10'!M23 -> 0 | M23: =G23-I23-J23-K23+L23 -> 0
H25: TOPLAM | I25: =SUM(I7:I23) -> 0 | J25: =SUM(J7:J23) -> 0 | K25: =SUM(K7:K23) -> 0

Sheet 07.10
B4: TARİH | C4: 46302
C5: MİSAFİR | D5: GİRİŞ | E5: ÇIKIŞ | F5: TOPLAM | G5: ODA FİYATI | H5: TOPLAM | I5: ÖDEME TİPİ
B6: ODA NO | C6: ADI SOYADI | D6: TARİHİ | E6: TARİHİ | F6: GECELEME | G6: TL | H6: TUTAR | I6: NAKİT | J6: KREDİ KARTI | K6: HAVALE | L6: DÜNDEN DEVİR | M6: BAKİYE
B7: 101 | H7: =SUM(F7*G7) -> 0 | L7: ='06.10'!M7 -> 0 | M7: =G7-I7-J7-K7+L7 -> 0
B8: 102 | H8: =SUM(F8*G8) -> 0 | L8: ='06.10'!M8 -> 0 | M8: =G8-I8-J8-K8+L8 -> 0
B9: 103 | H9: =SUM(F9*G9) -> 0 | L9: ='06.10'!M9 -> 0 | M9: =G9-I9-J9-K9+L9 -> 0
B10: 201 | H10: =SUM(F10*G10) -> 0 | L10: ='06.10'!M10 -> 0 | M10: =G10-I10-J10-K10+L10 -> 0
B11: 202 | H11: =SUM(F11*G11) -> 0 | L11: ='06.10'!M11 -> -2000 | M11: =G11-I11-J11-K11+L11 -> -2000
B12: 203 | H12: =SUM(F12*G12) -> 0 | L12: ='06.10'!M12 -> -2000 | M12: =G12-I12-J12-K12+L12 -> -2000
B13: 301 | H13: =SUM(F13*G13) -> 0 | L13: ='06.10'!M13 -> 0 | M13: =G13-I13-J13-K13+L13 -> 0
B14: 302 | H14: =SUM(F14*G14) -> 0 | L14: ='06.10'!M14 -> 0 | M14: =G14-I14-J14-K14+L14 -> 0
B15: 303 | H15: =SUM(F15*G15) -> 0 | L15: ='06.10'!M15 -> 0 | M15: =G15-I15-J15-K15+L15 -> 0
B16: 401 | H16: =SUM(F16*G16) -> 0 | L16: ='06.10'!M16 -> 0 | M16: =G16-I16-J16-K16+L16 -> 0
B17: 402 | H17: =SUM(F17*G17) -> 0 | L17: ='06.10'!M17 -> 0 | M17: =G17-I17-J17-K17+L17 -> 0
B18: 403 | H18: =SUM(F18*G18) -> 0 | L18: ='06.10'!M18 -> 0 | M18: =G18-I18-J18-K18+L18 -> 0
... B23: 602 | H23: =SUM(F23*G23) -> 0 | L23: ='06.10'!M23 -> 0 | M23: =G23-I23-J23-K23+L23 -> 0
H25: TOPLAM | I25: =SUM(I7:I23) -> 0 | J25: =SUM(J7:J23) -> 0 | K25: =SUM(K7:K23) -> 0

Sheet 08.10
B4: TARİH | C4: 46303
C5: MİSAFİR | D5: GİRİŞ | E5: ÇIKIŞ | F5: TOPLAM | G5: ODA FİYATI | H5: TOPLAM | I5: ÖDEME TİPİ
B6: ODA NO | C6: ADI SOYADI | D6: TARİHİ | E6: TARİHİ | F6: GECELEME | G6: TL | H6: TUTAR | I6: NAKİT | J6: KREDİ KARTI | K6: HAVALE | L6: DÜNDEN DEVİR | M6: BAKİYE
B7: 101 | H7: =SUM(F7*G7) -> 0 | L7: ='07.10'!M7 -> 0 | M7: =G7-I7-J7-K7+L7 -> 0
B8: 102 | H8: =SUM(F8*G8) -> 0 | L8: ='07.10'!M8 -> 0 | M8: =G8-I8-J8-K8+L8 -> 0
B9: 103 | H9: =SUM(F9*G9) -> 0 | L9: ='07.10'!M9 -> 0 | M9: =G9-I9-J9-K9+L9 -> 0
B10: 201 | H10: =SUM(F10*G10) -> 0 | L10: ='07.10'!M10 -> 0 | M10: =G10-I10-J10-K10+L10 -> 0
B11: 202 | H11: =SUM(F11*G11) -> 0 | L11: ='07.10'!M11 -> -2000 | M11: =G11-I11-J11-K11+L11 -> -2000
B12: 203 | H12: =SUM(F12*G12) -> 0 | L12: ='07.10'!M12 -> -2000 | M12: =G12-I12-J12-K12+L12 -> -2000
B13: 301 | H13: =SUM(F13*G13) -> 0 | L13: ='07.10'!M13 -> 0 | M13: =G13-I13-J13-K13+L13 -> 0
B14: 302 | H14: =SUM(F14*G14) -> 0 | L14: ='07.10'!M14 -> 0 | M14: =G14-I14-J14-K14+L14 -> 0
B15: 303 | H15: =SUM(F15*G15) -> 0 | L15: ='07.10'!M15 -> 0 | M15: =G15-I15-J15-K15+L15 -> 0
B16: 401 | H16: =SUM(F16*G16) -> 0 | L16: ='07.10'!M16 -> 0 | M16: =G16-I16-J16-K16+L16 -> 0
B17: 402 | H17: =SUM(F17*G17) -> 0 | L17: ='07.10'!M17 -> 0 | M17: =G17-I17-J17-K17+L17 -> 0
B18: 403 | H18: =SUM(F18*G18) -> 0 | L18: ='07.10'!M18 -> 0 | M18: =G18-I18-J18-K18+L18 -> 0
... B23: 602 | H23: =SUM(F23*G23) -> 0 | L23: ='07.10'!M23 -> 0 | M23: =G23-I23-J23-K23+L23 -> 0
H25: TOPLAM | I25: =SUM(I7:I23) -> 0 | J25: =SUM(J7:J23) -> 0 | K25: =SUM(K7:K23) -> 0

Sheet 09.10
B4: TARİH | C4: 46304
C5: MİSAFİR | D5: GİRİŞ | E5: ÇIKIŞ | F5: TOPLAM | G5: ODA FİYATI | H5: TOPLAM | I5: ÖDEME TİPİ
B6: ODA NO | C6: ADI SOYADI | D6: TARİHİ | E6: TARİHİ | F6: GECELEME | G6: TL | H6: TUTAR | I6: NAKİT | J6: KREDİ KARTI | K6: HAVALE | L6: DÜNDEN DEVİR | M6: BAKİYE
B7: 101 | H7: =SUM(F7*G7) -> 0 | L7: ='08.10'!M7 -> 0 | M7: =G7-I7-J7-K7+L7 -> 0
B8: 102 | H8: =SUM(F8*G8) -> 0 | L8: ='08.10'!M8 -> 0 | M8: =G8-I8-J8-K8+L8 -> 0
B9: 103 | H9: =SUM(F9*G9) -> 0 | L9: ='08.10'!M9 -> 0 | M9: =G9-I9-J9-K9+L9 -> 0
B10: 201 | H10: =SUM(F10*G10) -> 0 | L10: ='08.10'!M10 -> 0 | M10: =G10-I10-J10-K10+L10 -> 0
B11: 202 | H11: =SUM(F11*G11) -> 0 | L11: ='08.10'!M11 -> -2000 | M11: =G11-I11-J11-K11+L11 -> -2000
B12: 203 | H12: =SUM(F12*G12) -> 0 | L12: ='08.10'!M12 -> -2000 | M12: =G12-I12-J12-K12+L12 -> -2000
B13: 301 | H13: =SUM(F13*G13) -> 0 | L13: ='08.10'!M13 -> 0 | M13: =G13-I13-J13-K13+L13 -> 0
B14: 302 | H14: =SUM(F14*G14) -> 0 | L14: ='08.10'!M14 -> 0 | M14: =G14-I14-J14-K14+L14 -> 0
B15: 303 | H15: =SUM(F15*G15) -> 0 | L15: ='08.10'!M15 -> 0 | M15: =G15-I15-J15-K15+L15 -> 0
B16: 401 | H16: =SUM(F16*G16) -> 0 | L16: ='08.10'!M16 -> 0 | M16: =G16-I16-J16-K16+L16 -> 0
B17: 402 | H17: =SUM(F17*G17) -> 0 | L17: ='08.10'!M17 -> 0 | M17: =G17-I17-J17-K17+L17 -> 0
B18: 403 | H18: =SUM(F18*G18) -> 0 | L18: ='08.10'!M18 -> 0 | M18: =G18-I18-J18-K18+L18 -> 0
... B23: 602 | H23: =SUM(F23*G23) -> 0 | L23: ='08.10'!M23 -> 0 | M23: =G23-I23-J23-K23+L23 -> 0
H25: TOPLAM | I25: =SUM(I7:I23) -> 0 | J25: =SUM(J7:J23) -> 0 | K25: =SUM(K7:K23) -> 0

Sheet 10.10
B4: TARİH | C4: 46305
C5: MİSAFİR | D5: GİRİŞ | E5: ÇIKIŞ | F5: TOPLAM | G5: ODA FİYATI | H5: TOPLAM | I5: ÖDEME TİPİ
B6: ODA NO | C6: ADI SOYADI | D6: TARİHİ | E6: TARİHİ | F6: GECELEME | G6: TL | H6: TUTAR | I6: NAKİT | J6: KREDİ KARTI | K6: HAVALE | L6: DÜNDEN DEVİR | M6: BAKİYE
B7: 101 | H7: =SUM(F7*G7) -> 0 | L7: ='09.10'!M7 -> 0 | M7: =G7-I7-J7-K7+L7 -> 0
B8: 102 | H8: =SUM(F8*G8) -> 0 | L8: ='09.10'!M8 -> 0 | M8: =G8-I8-J8-K8+L8 -> 0
B9: 103 | H9: =SUM(F9*G9) -> 0 | L9: ='09.10'!M9 -> 0 | M9: =G9-I9-J9-K9+L9 -> 0
B10: 201 | H10: =SUM(F10*G10) -> 0 | L10: ='09.10'!M10 -> 0 | M10: =G10-I10-J10-K10+L10 -> 0
B11: 202 | H11: =SUM(F11*G11) -> 0 | L11: ='09.10'!M11 -> -2000 | M11: =G11-I11-J11-K11+L11 -> -2000
B12: 203 | H12: =SUM(F12*G12) -> 0 | L12: ='09.10'!M12 -> -2000 | M12: =G12-I12-J12-K12+L12 -> -2000
B13: 301 | H13: =SUM(F13*G13) -> 0 | L13: ='09.10'!M13 -> 0 | M13: =G13-I13-J13-K13+L13 -> 0
B14: 302 | H14: =SUM(F14*G14) -> 0 | L14: ='09.10'!M14 -> 0 | M14: =G14-I14-J14-K14+L14 -> 0
B15: 303 | H15: =SUM(F15*G15) -> 0 | L15: ='09.10'!M15 -> 0 | M15: =G15-I15-J15-K15+L15 -> 0
B16: 401 | H16: =SUM(F16*G16) -> 0 | L16: ='09.10'!M16 -> 0 | M16: =G16-I16-J16-K16+L16 -> 0
B17: 402 | H17: =SUM(F17*G17) -> 0 | L17: ='09.10'!M17 -> 0 | M17: =G17-I17-J17-K17+L17 -> 0
B18: 403 | H18: =SUM(F18*G18) -> 0 | L18: ='09.10'!M18 -> 0 | M18: =G18-I18-J18-K18+L18 -> 0
... B23: 602 | H23: =SUM(F23*G23) -> 0 | L23: ='09.10'!M23 -> 0 | M23: =G23-I23-J23-K23+L23 -> 0
H25: TOPLAM | I25: =SUM(I7:I23) -> 0 | J25: =SUM(J7:J23) -> 0 | K25: =SUM(K7:K23) -> 0

Sheet 11.10
B4: TARİH | C4: 46306
C5: MİSAFİR | D5: GİRİŞ | E5: ÇIKIŞ | F5: TOPLAM | G5: ODA FİYATI | H5: TOPLAM | I5: ÖDEME TİPİ
B6: ODA NO | C6: ADI SOYADI | D6: TARİHİ | E6: TARİHİ | F6: GECELEME | G6: TL | H6: TUTAR | I6: NAKİT | J6: KREDİ KARTI | K6: HAVALE | L6: DÜNDEN DEVİR | M6: BAKİYE
B7: 101 | H7: =SUM(F7*G7) -> 0 | L7: ='10.10'!M7 -> 0 | M7: =G7-I7-J7-K7+L7 -> 0
B8: 102 | H8: =SUM(F8*G8) -> 0 | L8: ='10.10'!M8 -> 0 | M8: =G8-I8-J8-K8+L8 -> 0
B9: 103 | H9: =SUM(F9*G9) -> 0 | L9: ='10.10'!M9 -> 0 | M9: =G9-I9-J9-K9+L9 -> 0
B10: 201 | H10: =SUM(F10*G10) -> 0 | L10: ='10.10'!M10 -> 0 | M10: =G10-I10-J10-K10+L10 -> 0
B11: 202 | H11: =SUM(F11*G11) -> 0 | L11: ='10.10'!M11 -> -2000 | M11: =G11-I11-J11-K11+L11 -> -2000
B12: 203 | H12: =SUM(F12*G12) -> 0 | L12: ='10.10'!M12 -> -2000 | M12: =G12-I12-J12-K12+L12 -> -2000
B13: 301 | H13: =SUM(F13*G13) -> 0 | L13: ='10.10'!M13 -> 0 | M13: =G13-I13-J13-K13+L13 -> 0
B14: 302 | H14: =SUM(F14*G14) -> 0 | L14: ='10.10'!M14 -> 0 | M14: =G14-I14-J14-K14+L14 -> 0
B15: 303 | H15: =SUM(F15*G15) -> 0 | L15: ='10.10'!M15 -> 0 | M15: =G15-I15-J15-K15+L15 -> 0
B16: 401 | H16: =SUM(F16*G16) -> 0 | L16: ='10.10'!M16 -> 0 | M16: =G16-I16-J16-K16+L16 -> 0
B17: 402 | H17: =SUM(F17*G17) -> 0 | L17: ='10.10'!M17 -> 0 | M17: =G17-I17-J17-K17+L17 -> 0
B18: 403 | H18: =SUM(F18*G18) -> 0 | L18: ='10.10'!M18 -> 0 | M18: =G18-I18-J18-K18+L18 -> 0
... B23: 602 | H23: =SUM(F23*G23) -> 0 | L23: ='10.10'!M23 -> 0 | M23: =G23-I23-J23-K23+L23 -> 0
H25: TOPLAM | I25: =SUM(I7:I23) -> 0 | J25: =SUM(J7:J23) -> 0 | K25: =SUM(K7:K23) -> 0

Sheet 12.10
B4: TARİH | C4: 46307
C5: MİSAFİR | D5: GİRİŞ | E5: ÇIKIŞ | F5: TOPLAM | G5: ODA FİYATI | H5: TOPLAM | I5: ÖDEME TİPİ
B6: ODA NO | C6: ADI SOYADI | D6: TARİHİ | E6: TARİHİ | F6: GECELEME | G6: TL | H6: TUTAR | I6: NAKİT | J6: KREDİ KARTI | K6: HAVALE | L6: DÜNDEN DEVİR | M6: BAKİYE
B7: 101 | H7: =SUM(F7*G7) -> 0 | L7: ='11.10'!M7 -> 0 | M7: =G7-I7-J7-K7+L7 -> 0
B8: 102 | H8: =SUM(F8*G8) -> 0 | L8: ='11.10'!M8 -> 0 | M8: =G8-I8-J8-K8+L8 -> 0
B9: 103 | H9: =SUM(F9*G9) -> 0 | L9: ='11.10'!M9 -> 0 | M9: =G9-I9-J9-K9+L9 -> 0
B10: 201 | H10: =SUM(F10*G10) -> 0 | L10: ='11.10'!M10 -> 0 | M10: =G10-I10-J10-K10+L10 -> 0
B11: 202 | H11: =SUM(F11*G11) -> 0 | L11: ='11.10'!M11 -> -2000 | M11: =G11-I11-J11-K11+L11 -> -2000
B12: 203 | H12: =SUM(F12*G12) -> 0 | L12: ='11.10'!M12 -> -2000 | M12: =G12-I12-J12-K12+L12 -> -2000
B13: 301 | H13: =SUM(F13*G13) -> 0 | L13: ='11.10'!M13 -> 0 | M13: =G13-I13-J13-K13+L13 -> 0
B14: 302 | H14: =SUM(F14*G14) -> 0 | L14: ='11.10'!M14 -> 0 | M14: =G14-I14-J14-K14+L14 -> 0
B15: 303 | H15: =SUM(F15*G15) -> 0 | L15: ='11.10'!M15 -> 0 | M15: =G15-I15-J15-K15+L15 -> 0
B16: 401 | H16: =SUM(F16*G16) -> 0 | L16: ='11.10'!M16 -> 0 | M16: =G16-I16-J16-K16+L16 -> 0
B17: 402 | H17: =SUM(F17*G17) -> 0 | L17: ='11.10'!M17 -> 0 | M17: =G17-I17-J17-K17+L17 -> 0
B18: 403 | H18: =SUM(F18*G18) -> 0 | L18: ='11.10'!M18 -> 0 | M18: =G18-I18-J18-K18+L18 -> 0
... B23: 602 | H23: =SUM(F23*G23) -> 0 | L23: ='11.10'!M23 -> 0 | M23: =G23-I23-J23-K23+L23 -> 0
H25: TOPLAM | I25: =SUM(I7:I23) -> 0 | J25: =SUM(J7:J23) -> 0 | K25: =SUM(K7:K23) -> 0

Sheet 13.10
B4: TARİH | C4: 46308
C5: MİSAFİR | D5: GİRİŞ | E5: ÇIKIŞ | F5: TOPLAM | G5: ODA FİYATI | H5: TOPLAM | I5: ÖDEME TİPİ
B6: ODA NO | C6: ADI SOYADI | D6: TARİHİ | E6: TARİHİ | F6: GECELEME | G6: TL | H6: TUTAR | I6: NAKİT | J6: KREDİ KARTI | K6: HAVALE | L6: DÜNDEN DEVİR | M6: BAKİYE
B7: 101 | H7: =SUM(F7*G7) -> 0 | L7: ='12.10'!M7 -> 0 | M7: =G7-I7-J7-K7+L7 -> 0
B8: 102 | H8: =SUM(F8*G8) -> 0 | L8: ='12.10'!M8 -> 0 | M8: =G8-I8-J8-K8+L8 -> 0
B9: 103 | H9: =SUM(F9*G9) -> 0 | L9: ='12.10'!M9 -> 0 | M9: =G9-I9-J9-K9+L9 -> 0
B10: 201 | H10: =SUM(F10*G10) -> 0 | L10: ='12.10'!M10 -> 0 | M10: =G10-I10-J10-K10+L10 -> 0
B11: 202 | H11: =SUM(F11*G11) -> 0 | L11: ='12.10'!M11 -> -2000 | M11: =G11-I11-J11-K11+L11 -> -2000
B12: 203 | H12: =SUM(F12*G12) -> 0 | L12: ='12.10'!M12 -> -2000 | M12: =G12-I12-J12-K12+L12 -> -2000
B13: 301 | H13: =SUM(F13*G13) -> 0 | L13: ='12.10'!M13 -> 0 | M13: =G13-I13-J13-K13+L13 -> 0
B14: 302 | H14: =SUM(F14*G14) -> 0 | L14: ='12.10'!M14 -> 0 | M14: =G14-I14-J14-K14+L14 -> 0
B15: 303 | H15: =SUM(F15*G15) -> 0 | L15: ='12.10'!M15 -> 0 | M15: =G15-I15-J15-K15+L15 -> 0
B16: 401 | H16: =SUM(F16*G16) -> 0 | L16: ='12.10'!M16 -> 0 | M16: =G16-I16-J16-K16+L16 -> 0
B17: 402 | H17: =SUM(F17*G17) -> 0 | L17: ='12.10'!M17 -> 0 | M17: =G17-I17-J17-K17+L17 -> 0
B18: 403 | H18: =SUM(F18*G18) -> 0 | L18: ='12.10'!M18 -> 0 | M18: =G18-I18-J18-K18+L18 -> 0
... B23: 602 | H23: =SUM(F23*G23) -> 0 | L23: ='12.10'!M23 -> 0 | M23: =G23-I23-J23-K23+L23 -> 0
H25: TOPLAM | I25: =SUM(I7:I23) -> 0 | J25: =SUM(J7:J23) -> 0 | K25: =SUM(K7:K23) -> 0

Sheet 14.10
B4: TARİH | C4: 46309
C5: MİSAFİR | D5: GİRİŞ | E5: ÇIKIŞ | F5: TOPLAM | G5: ODA FİYATI | H5: TOPLAM | I5: ÖDEME TİPİ
B6: ODA NO | C6: ADI SOYADI | D6: TARİHİ | E6: TARİHİ | F6: GECELEME | G6: TL | H6: TUTAR | I6: NAKİT | J6: KREDİ KARTI | K6: HAVALE | L6: DÜNDEN DEVİR | M6: BAKİYE
B7: 101 | H7: =SUM(F7*G7) -> 0 | L7: ='13.10'!M7 -> 0 | M7: =G7-I7-J7-K7+L7 -> 0
B8: 102 | H8: =SUM(F8*G8) -> 0 | L8: ='13.10'!M8 -> 0 | M8: =G8-I8-J8-K8+L8 -> 0
B9: 103 | H9: =SUM(F9*G9) -> 0 | L9: ='13.10'!M9 -> 0 | M9: =G9-I9-J9-K9+L9 -> 0
B10: 201 | H10: =SUM(F10*G10) -> 0 | L10: ='13.10'!M10 -> 0 | M10: =G10-I10-J10-K10+L10 -> 0
B11: 202 | H11: =SUM(F11*G11) -> 0 | L11: ='13.10'!M11 -> -2000 | M11: =G11-I11-J11-K11+L11 -> -2000
B12: 203 | H12: =SUM(F12*G12) -> 0 | L12: ='13.10'!M12 -> -2000 | M12: =G12-I12-J12-K12+L12 -> -2000
B13: 301 | H13: =SUM(F13*G13) -> 0 | L13: ='13.10'!M13 -> 0 | M13: =G13-I13-J13-K13+L13 -> 0
B14: 302 | H14: =SUM(F14*G14) -> 0 | L14: ='13.10'!M14 -> 0 | M14: =G14-I14-J14-K14+L14 -> 0
B15: 303 | H15: =SUM(F15*G15) -> 0 | L15: ='13.10'!M15 -> 0 | M15: =G15-I15-J15-K15+L15 -> 0
B16: 401 | H16: =SUM(F16*G16) -> 0 | L16: ='13.10'!M16 -> 0 | M16: =G16-I16-J16-K16+L16 -> 0
B17: 402 | H17: =SUM(F17*G17) -> 0 | L17: ='13.10'!M17 -> 0 | M17: =G17-I17-J17-K17+L17 -> 0
B18: 403 | H18: =SUM(F18*G18) -> 0 | L18: ='13.10'!M18 -> 0 | M18: =G18-I18-J18-K18+L18 -> 0
... B23: 602 | H23: =SUM(F23*G23) -> 0 | L23: ='13.10'!M23 -> 0 | M23: =G23-I23-J23-K23+L23 -> 0
H25: TOPLAM | I25: =SUM(I7:I23) -> 0 | J25: =SUM(J7:J23) -> 0 | K25: =SUM(K7:K23) -> 0

Sheet 15.10
B4: TARİH | C4: 46310
C5: MİSAFİR | D5: GİRİŞ | E5: ÇIKIŞ | F5: TOPLAM | G5: ODA FİYATI | H5: TOPLAM | I5: ÖDEME TİPİ
B6: ODA NO | C6: ADI SOYADI | D6: TARİHİ | E6: TARİHİ | F6: GECELEME | G6: TL | H6: TUTAR | I6: NAKİT | J6: KREDİ KARTI | K6: HAVALE | L6: DÜNDEN DEVİR | M6: BAKİYE
B7: 101 | H7: =SUM(F7*G7) -> 0 | L7: ='14.10'!M7 -> 0 | M7: =G7-I7-J7-K7+L7 -> 0
B8: 102 | H8: =SUM(F8*G8) -> 0 | L8: ='14.10'!M8 -> 0 | M8: =G8-I8-J8-K8+L8 -> 0
B9: 103 | H9: =SUM(F9*G9) -> 0 | L9: ='14.10'!M9 -> 0 | M9: =G9-I9-J9-K9+L9 -> 0
B10: 201 | H10: =SUM(F10*G10) -> 0 | L10: ='14.10'!M10 -> 0 | M10: =G10-I10-J10-K10+L10 -> 0
B11: 202 | H11: =SUM(F11*G11) -> 0 | L11: ='14.10'!M11 -> -2000 | M11: =G11-I11-J11-K11+L11 -> -2000
B12: 203 | H12: =SUM(F12*G12) -> 0 | L12: ='14.10'!M12 -> -2000 | M12: =G12-I12-J12-K12+L12 -> -2000
B13: 301 | H13: =SUM(F13*G13) -> 0 | L13: ='14.10'!M13 -> 0 | M13: =G13-I13-J13-K13+L13 -> 0
B14: 302 | H14: =SUM(F14*G14) -> 0 | L14: ='14.10'!M14 -> 0 | M14: =G14-I14-J14-K14+L14 -> 0
B15: 303 | H15: =SUM(F15*G15) -> 0 | L15: ='14.10'!M15 -> 0 | M15: =G15-I15-J15-K15+L15 -> 0
B16: 401 | H16: =SUM(F16*G16) -> 0 | L16: ='14.10'!M16 -> 0 | M16: =G16-I16-J16-K16+L16 -> 0
B17: 402 | H17: =SUM(F17*G17) -> 0 | L17: ='14.10'!M17 -> 0 | M17: =G17-I17-J17-K17+L17 -> 0
B18: 403 | H18: =SUM(F18*G18) -> 0 | L18: ='14.10'!M18 -> 0 | M18: =G18-I18-J18-K18+L18 -> 0
... B23: 602 | H23: =SUM(F23*G23) -> 0 | L23: ='14.10'!M23 -> 0 | M23: =G23-I23-J23-K23+L23 -> 0
H25: TOPLAM | I25: =SUM(I7:I23) -> 0 | J25: =SUM(J7:J23) -> 0 | K25: =SUM(K7:K23) -> 0

Sheet 16.10
B4: TARİH | C4: 46311
C5: MİSAFİR | D5: GİRİŞ | E5: ÇIKIŞ | F5: TOPLAM | G5: ODA FİYATI | H5: TOPLAM | I5: ÖDEME TİPİ
B6: ODA NO | C6: ADI SOYADI | D6: TARİHİ | E6: TARİHİ | F6: GECELEME | G6: TL | H6: TUTAR | I6: NAKİT | J6: KREDİ KARTI | K6: HAVALE | L6: DÜNDEN DEVİR | M6: BAKİYE
B7: 101 | H7: =SUM(F7*G7) -> 0 | L7: ='15.10'!M7 -> 0 | M7: =G7-I7-J7-K7+L7 -> 0
B8: 102 | H8: =SUM(F8*G8) -> 0 | L8: ='15.10'!M8 -> 0 | M8: =G8-I8-J8-K8+L8 -> 0
B9: 103 | H9: =SUM(F9*G9) -> 0 | L9: ='15.10'!M9 -> 0 | M9: =G9-I9-J9-K9+L9 -> 0
B10: 201 | H10: =SUM(F10*G10) -> 0 | L10: ='15.10'!M10 -> 0 | M10: =G10-I10-J10-K10+L10 -> 0
B11: 202 | H11: =SUM(F11*G11) -> 0 | L11: ='15.10'!M11 -> -2000 | M11: =G11-I11-J11-K11+L11 -> -2000
B12: 203 | H12: =SUM(F12*G12) -> 0 | L12: ='15.10'!M12 -> -2000 | M12: =G12-I12-J12-K12+L12 -> -2000
B13: 301 | H13: =SUM(F13*G13) -> 0 | L13: ='15.10'!M13 -> 0 | M13: =G13-I13-J13-K13+L13 -> 0
B14: 302 | H14: =SUM(F14*G14) -> 0 | L14: ='15.10'!M14 -> 0 | M14: =G14-I14-J14-K14+L14 -> 0
B15: 303 | H15: =SUM(F15*G15) -> 0 | L15: ='15.10'!M15 -> 0 | M15: =G15-I15-J15-K15+L15 -> 0
B16: 401 | H16: =SUM(F16*G16) -> 0 | L16: ='15.10'!M16 -> 0 | M16: =G16-I16-J16-K16+L16 -> 0
B17: 402 | H17: =SUM(F17*G17) -> 0 | L17: ='15.10'!M17 -> 0 | M17: =G17-I17-J17-K17+L17 -> 0
B18: 403 | H18: =SUM(F18*G18) -> 0 | L18: ='15.10'!M18 -> 0 | M18: =G18-I18-J18-K18+L18 -> 0
... B23: 602 | H23: =SUM(F23*G23) -> 0 | L23: ='15.10'!M23 -> 0 | M23: =G23-I23-J23-K23+L23 -> 0
H25: TOPLAM | I25: =SUM(I7:I23) -> 0 | J25: =SUM(J7:J23) -> 0 | K25: =SUM(K7:K23) -> 0

Sheet 17.10
B4: TARİH | C4: 46312
C5: MİSAFİR | D5: GİRİŞ | E5: ÇIKIŞ | F5: TOPLAM | G5: ODA FİYATI | H5: TOPLAM | I5: ÖDEME TİPİ
B6: ODA NO | C6: ADI SOYADI | D6: TARİHİ | E6: TARİHİ | F6: GECELEME | G6: TL | H6: TUTAR | I6: NAKİT | J6: KREDİ KARTI | K6: HAVALE | L6: DÜNDEN DEVİR | M6: BAKİYE
B7: 101 | H7: =SUM(F7*G7) -> 0 | L7: ='16.10'!M7 -> 0 | M7: =G7-I7-J7-K7+L7 -> 0
B8: 102 | H8: =SUM(F8*G8) -> 0 | L8: ='16.10'!M8 -> 0 | M8: =G8-I8-J8-K8+L8 -> 0
B9: 103 | H9: =SUM(F9*G9) -> 0 | L9: ='16.10'!M9 -> 0 | M9: =G9-I9-J9-K9+L9 -> 0
B10: 201 | H10: =SUM(F10*G10) -> 0 | L10: ='16.10'!M10 -> 0 | M10: =G10-I10-J10-K10+L10 -> 0
B11: 202 | H11: =SUM(F11*G11) -> 0 | L11: ='16.10'!M11 -> -2000 | M11: =G11-I11-J11-K11+L11 -> -2000
B12: 203 | H12: =SUM(F12*G12) -> 0 | L12: ='16.10'!M12 -> -2000 | M12: =G12-I12-J12-K12+L12 -> -2000
B13: 301 | H13: =SUM(F13*G13) -> 0 | L13: ='16.10'!M13 -> 0 | M13: =G13-I13-J13-K13+L13 -> 0
B14: 302 | H14: =SUM(F14*G14) -> 0 | L14: ='16.10'!M14 -> 0 | M14: =G14-I14-J14-K14+L14 -> 0
B15: 303 | H15: =SUM(F15*G15) -> 0 | L15: ='16.10'!M15 -> 0 | M15: =G15-I15-J15-K15+L15 -> 0
B16: 401 | H16: =SUM(F16*G16) -> 0 | L16: ='16.10'!M16 -> 0 | M16: =G16-I16-J16-K16+L16 -> 0
B17: 402 | H17: =SUM(F17*G17) -> 0 | L17: ='16.10'!M17 -> 0 | M17: =G17-I17-J17-K17+L17 -> 0
B18: 403 | H18: =SUM(F18*G18) -> 0 | L18: ='16.10'!M18 -> 0 | M18: =G18-I18-J18-K18+L18 -> 0
... B23: 602 | H23: =SUM(F23*G23) -> 0 | L23: ='16.10'!M23 -> 0 | M23: =G23-I23-J23-K23+L23 -> 0
H25: TOPLAM | I25: =SUM(I7:I23) -> 0 | J25: =SUM(J7:J23) -> 0 | K25: =SUM(K7:K23) -> 0

Sheet 18.10
B4: TARİH | C4: 46313
C5: MİSAFİR | D5: GİRİŞ | E5: ÇIKIŞ | F5: TOPLAM | G5: ODA FİYATI | H5: TOPLAM | I5: ÖDEME TİPİ
B6: ODA NO | C6: ADI SOYADI | D6: TARİHİ | E6: TARİHİ | F6: GECELEME | G6: TL | H6: TUTAR | I6: NAKİT | J6: KREDİ KARTI | K6: HAVALE | L6: DÜNDEN DEVİR | M6: BAKİYE
B7: 101 | H7: =SUM(F7*G7) -> 0 | L7: ='17.10'!M7 -> 0 | M7: =G7-I7-J7-K7+L7 -> 0
B8: 102 | H8: =SUM(F8*G8) -> 0 | L8: ='17.10'!M8 -> 0 | M8: =G8-I8-J8-K8+L8 -> 0
B9: 103 | H9: =SUM(F9*G9) -> 0 | L9: ='17.10'!M9 -> 0 | M9: =G9-I9-J9-K9+L9 -> 0
B10: 201 | H10: =SUM(F10*G10) -> 0 | L10: ='17.10'!M10 -> 0 | M10: =G10-I10-J10-K10+L10 -> 0
B11: 202 | H11: =SUM(F11*G11) -> 0 | L11: ='17.10'!M11 -> -2000 | M11: =G11-I11-J11-K11+L11 -> -2000
B12: 203 | H12: =SUM(F12*G12) -> 0 | L12: ='17.10'!M12 -> -2000 | M12: =G12-I12-J12-K12+L12 -> -2000
B13: 301 | H13: =SUM(F13*G13) -> 0 | L13: ='17.10'!M13 -> 0 | M13: =G13-I13-J13-K13+L13 -> 0
B14: 302 | H14: =SUM(F14*G14) -> 0 | L14: ='17.10'!M14 -> 0 | M14: =G14-I14-J14-K14+L14 -> 0
B15: 303 | H15: =SUM(F15*G15) -> 0 | L15: ='17.10'!M15 -> 0 | M15: =G15-I15-J15-K15+L15 -> 0
B16: 401 | H16: =SUM(F16*G16) -> 0 | L16: ='17.10'!M16 -> 0 | M16: =G16-I16-J16-K16+L16 -> 0
B17: 402 | H17: =SUM(F17*G17) -> 0 | L17: ='17.10'!M17 -> 0 | M17: =G17-I17-J17-K17+L17 -> 0
B18: 403 | H18: =SUM(F18*G18) -> 0 | L18: ='17.10'!M18 -> 0 | M18: =G18-I18-J18-K18+L18 -> 0
... B23: 602 | H23: =SUM(F23*G23) -> 0 | L23: ='17.10'!M23 -> 0 | M23: =G23-I23-J23-K23+L23 -> 0
H25: TOPLAM | I25: =SUM(I7:I23) -> 0 | J25: =SUM(J7:J23) -> 0 | K25: =SUM(K7:K23) -> 0

Sheet 19.10
B4: TARİH | C4: 46314
C5: MİSAFİR | D5: GİRİŞ | E5: ÇIKIŞ | F5: TOPLAM | G5: ODA FİYATI | H5: TOPLAM | I5: ÖDEME TİPİ
B6: ODA NO | C6: ADI SOYADI | D6: TARİHİ | E6: TARİHİ | F6: GECELEME | G6: TL | H6: TUTAR | I6: NAKİT | J6: KREDİ KARTI | K6: HAVALE | L6: DÜNDEN DEVİR | M6: BAKİYE
B7: 101 | H7: =SUM(F7*G7) -> 0 | L7: ='18.10'!M7 -> 0 | M7: =G7-I7-J7-K7+L7 -> 0
B8: 102 | H8: =SUM(F8*G8) -> 0 | L8: ='18.10'!M8 -> 0 | M8: =G8-I8-J8-K8+L8 -> 0
B9: 103 | H9: =SUM(F9*G9) -> 0 | L9: ='18.10'!M9 -> 0 | M9: =G9-I9-J9-K9+L9 -> 0
B10: 201 | H10: =SUM(F10*G10) -> 0 | L10: ='18.10'!M10 -> 0 | M10: =G10-I10-J10-K10+L10 -> 0
B11: 202 | H11: =SUM(F11*G11) -> 0 | L11: ='18.10'!M11 -> -2000 | M11: =G11-I11-J11-K11+L11 -> -2000
B12: 203 | H12: =SUM(F12*G12) -> 0 | L12: ='18.10'!M12 -> -2000 | M12: =G12-I12-J12-K12+L12 -> -2000
B13: 301 | H13: =SUM(F13*G13) -> 0 | L13: ='18.10'!M13 -> 0 | M13: =G13-I13-J13-K13+L13 -> 0
B14: 302 | H14: =SUM(F14*G14) -> 0 | L14: ='18.10'!M14 -> 0 | M14: =G14-I14-J14-K14+L14 -> 0
B15: 303 | H15: =SUM(F15*G15) -> 0 | L15: ='18.10'!M15 -> 0 | M15: =G15-I15-J15-K15+L15 -> 0
B16: 401 | H16: =SUM(F16*G16) -> 0 | L16: ='18.10'!M16 -> 0 | M16: =G16-I16-J16-K16+L16 -> 0
B17: 402 | H17: =SUM(F17*G17) -> 0 | L17: ='18.10'!M17 -> 0 | M17: =G17-I17-J17-K17+L17 -> 0
B18: 403 | H18: =SUM(F18*G18) -> 0 | L18: ='18.10'!M18 -> 0 | M18: =G18-I18-J18-K18+L18 -> 0
... B23: 602 | H23: =SUM(F23*G23) -> 0 | L23: ='18.10'!M23 -> 0 | M23: =G23-I23-J23-K23+L23 -> 0
H25: TOPLAM | I25: =SUM(I7:I23) -> 0 | J25: =SUM(J7:J23) -> 0 | K25: =SUM(K7:K23) -> 0

Sheet 20.10
B4: TARİH | C4: 46315
C5: MİSAFİR | D5: GİRİŞ | E5: ÇIKIŞ | F5: TOPLAM | G5: ODA FİYATI | H5: TOPLAM | I5: ÖDEME TİPİ
B6: ODA NO | C6: ADI SOYADI | D6: TARİHİ | E6: TARİHİ | F6: GECELEME | G6: TL | H6: TUTAR | I6: NAKİT | J6: KREDİ KARTI | K6: HAVALE | L6: DÜNDEN DEVİR | M6: BAKİYE
B7: 101 | H7: =SUM(F7*G7) -> 0 | L7: ='19.10'!M7 -> 0 | M7: =G7-I7-J7-K7+L7 -> 0
B8: 102 | H8: =SUM(F8*G8) -> 0 | L8: ='19.10'!M8 -> 0 | M8: =G8-I8-J8-K8+L8 -> 0
B9: 103 | H9: =SUM(F9*G9) -> 0 | L9: ='19.10'!M9 -> 0 | M9: =G9-I9-J9-K9+L9 -> 0
B10: 201 | H10: =SUM(F10*G10) -> 0 | L10: ='19.10'!M10 -> 0 | M10: =G10-I10-J10-K10+L10 -> 0
B11: 202 | H11: =SUM(F11*G11) -> 0 | L11: ='19.10'!M11 -> -2000 | M11: =G11-I11-J11-K11+L11 -> -2000
B12: 203 | H12: =SUM(F12*G12) -> 0 | L12: ='19.10'!M12 -> -2000 | M12: =G12-I12-J12-K12+L12 -> -2000
B13: 301 | H13: =SUM(F13*G13) -> 0 | L13: ='19.10'!M13 -> 0 | M13: =G13-I13-J13-K13+L13 -> 0
B14: 302 | H14: =SUM(F14*G14) -> 0 | L14: ='19.10'!M14 -> 0 | M14: =G14-I14-J14-K14+L14 -> 0
B15: 303 | H15: =SUM(F15*G15) -> 0 | L15: ='19.10'!M15 -> 0 | M15: =G15-I15-J15-K15+L15 -> 0
B16: 401 | H16: =SUM(F16*G16) -> 0 | L16: ='19.10'!M16 -> 0 | M16: =G16-I16-J16-K16+L16 -> 0
B17: 402 | H17: =SUM(F17*G17) -> 0 | L17: ='19.10'!M17 -> 0 | M17: =G17-I17-J17-K17+L17 -> 0
B18: 403 | H18: =SUM(F18*G18) -> 0 | L18: ='19.10'!M18 -> 0 | M18: =G18-I18-J18-K18+L18 -> 0
... B23: 602 | H23: =SUM(F23*G23) -> 0 | L23: ='19.10'!M23 -> 0 | M23: =G23-I23-J23-K23+L23 -> 0
H25: TOPLAM | I25: =SUM(I7:I23) -> 0 | J25: =SUM(J7:J23) -> 0 | K25: =SUM(K7:K23) -> 0

Sheet 21.10
B4: TARİH | C4: 46316
C5: MİSAFİR | D5: GİRİŞ | E5: ÇIKIŞ | F5: TOPLAM | G5: ODA FİYATI | H5: TOPLAM | I5: ÖDEME TİPİ
B6: ODA NO | C6: ADI SOYADI | D6: TARİHİ | E6: TARİHİ | F6: GECELEME | G6: TL | H6: TUTAR | I6: NAKİT | J6: KREDİ KARTI | K6: HAVALE | L6: DÜNDEN DEVİR | M6: BAKİYE
B7: 101 | H7: =SUM(F7*G7) -> 0 | L7: ='20.10'!M7 -> 0 | M7: =G7-I7-J7-K7+L7 -> 0
B8: 102 | H8: =SUM(F8*G8) -> 0 | L8: ='20.10'!M8 -> 0 | M8: =G8-I8-J8-K8+L8 -> 0
B9: 103 | H9: =SUM(F9*G9) -> 0 | L9: ='20.10'!M9 -> 0 | M9: =G9-I9-J9-K9+L9 -> 0
B10: 201 | H10: =SUM(F10*G10) -> 0 | L10: ='20.10'!M10 -> 0 | M10: =G10-I10-J10-K10+L10 -> 0
B11: 202 | H11: =SUM(F11*G11) -> 0 | L11: ='20.10'!M11 -> -2000 | M11: =G11-I11-J11-K11+L11 -> -2000
B12: 203 | H12: =SUM(F12*G12) -> 0 | L12: ='20.10'!M12 -> -2000 | M12: =G12-I12-J12-K12+L12 -> -2000
B13: 301 | H13: =SUM(F13*G13) -> 0 | L13: ='20.10'!M13 -> 0 | M13: =G13-I13-J13-K13+L13 -> 0
B14: 302 | H14: =SUM(F14*G14) -> 0 | L14: ='20.10'!M14 -> 0 | M14: =G14-I14-J14-K14+L14 -> 0
B15: 303 | H15: =SUM(F15*G15) -> 0 | L15: ='20.10'!M15 -> 0 | M15: =G15-I15-J15-K15+L15 -> 0
B16: 401 | H16: =SUM(F16*G16) -> 0 | L16: ='20.10'!M16 -> 0 | M16: =G16-I16-J16-K16+L16 -> 0
B17: 402 | H17: =SUM(F17*G17) -> 0 | L17: ='20.10'!M17 -> 0 | M17: =G17-I17-J17-K17+L17 -> 0
B18: 403 | H18: =SUM(F18*G18) -> 0 | L18: ='20.10'!M18 -> 0 | M18: =G18-I18-J18-K18+L18 -> 0
... B23: 602 | H23: =SUM(F23*G23) -> 0 | L23: ='20.10'!M23 -> 0 | M23: =G23-I23-J23-K23+L23 -> 0
H25: TOPLAM | I25: =SUM(I7:I23) -> 0 | J25: =SUM(J7:J23) -> 0 | K25: =SUM(K7:K23) -> 0

Sheet 22.10
B4: TARİH | C4: 46317
C5: MİSAFİR | D5: GİRİŞ | E5: ÇIKIŞ | F5: TOPLAM | G5: ODA FİYATI | H5: TOPLAM | I5: ÖDEME TİPİ
B6: ODA NO | C6: ADI SOYADI | D6: TARİHİ | E6: TARİHİ | F6: GECELEME | G6: TL | H6: TUTAR | I6: NAKİT | J6: KREDİ KARTI | K6: HAVALE | L6: DÜNDEN DEVİR | M6: BAKİYE
B7: 101 | H7: =SUM(F7*G7) -> 0 | L7: ='21.10'!M7 -> 0 | M7: =G7-I7-J7-K7+L7 -> 0
B8: 102 | H8: =SUM(F8*G8) -> 0 | L8: ='21.10'!M8 -> 0 | M8: =G8-I8-J8-K8+L8 -> 0
B9: 103 | H9: =SUM(F9*G9) -> 0 | L9: ='21.10'!M9 -> 0 | M9: =G9-I9-J9-K9+L9 -> 0
B10: 201 | H10: =SUM(F10*G10) -> 0 | L10: ='21.10'!M10 -> 0 | M10: =G10-I10-J10-K10+L10 -> 0
B11: 202 | H11: =SUM(F11*G11) -> 0 | L11: ='21.10'!M11 -> -2000 | M11: =G11-I11-J11-K11+L11 -> -2000
B12: 203 | H12: =SUM(F12*G12) -> 0 | L12: ='21.10'!M12 -> -2000 | M12: =G12-I12-J12-K12+L12 -> -2000
B13: 301 | H13: =SUM(F13*G13) -> 0 | L13: ='21.10'!M13 -> 0 | M13: =G13-I13-J13-K13+L13 -> 0
B14: 302 | H14: =SUM(F14*G14) -> 0 | L14: ='21.10'!M14 -> 0 | M14: =G14-I14-J14-K14+L14 -> 0
B15: 303 | H15: =SUM(F15*G15) -> 0 | L15: ='21.10'!M15 -> 0 | M15: =G15-I15-J15-K15+L15 -> 0
B16: 401 | H16: =SUM(F16*G16) -> 0 | L16: ='21.10'!M16 -> 0 | M16: =G16-I16-J16-K16+L16 -> 0
B17: 402 | H17: =SUM(F17*G17) -> 0 | L17: ='21.10'!M17 -> 0 | M17: =G17-I17-J17-K17+L17 -> 0
B18: 403 | H18: =SUM(F18*G18) -> 0 | L18: ='21.10'!M18 -> 0 | M18: =G18-I18-J18-K18+L18 -> 0
... B23: 602 | H23: =SUM(F23*G23) -> 0 | L23: ='21.10'!M23 -> 0 | M23: =G23-I23-J23-K23+L23 -> 0
H25: TOPLAM | I25: =SUM(I7:I23) -> 0 | J25: =SUM(J7:J23) -> 0 | K25: =SUM(K7:K23) -> 0

Sheet 23.10
B4: TARİH | C4: 46318
C5: MİSAFİR | D5: GİRİŞ | E5: ÇIKIŞ | F5: TOPLAM | G5: ODA FİYATI | H5: TOPLAM | I5: ÖDEME TİPİ
B6: ODA NO | C6: ADI SOYADI | D6: TARİHİ | E6: TARİHİ | F6: GECELEME | G6: TL | H6: TUTAR | I6: NAKİT | J6: KREDİ KARTI | K6: HAVALE | L6: DÜNDEN DEVİR | M6: BAKİYE
B7: 101 | H7: =SUM(F7*G7) -> 0 | L7: ='22.10'!M7 -> 0 | M7: =G7-I7-J7-K7+L7 -> 0
B8: 102 | H8: =SUM(F8*G8) -> 0 | L8: ='22.10'!M8 -> 0 | M8: =G8-I8-J8-K8+L8 -> 0
B9: 103 | H9: =SUM(F9*G9) -> 0 | L9: ='22.10'!M9 -> 0 | M9: =G9-I9-J9-K9+L9 -> 0
B10: 201 | H10: =SUM(F10*G10) -> 0 | L10: ='22.10'!M10 -> 0 | M10: =G10-I10-J10-K10+L10 -> 0
B11: 202 | H11: =SUM(F11*G11) -> 0 | L11: ='22.10'!M11 -> -2000 | M11: =G11-I11-J11-K11+L11 -> -2000
B12: 203 | H12: =SUM(F12*G12) -> 0 | L12: ='22.10'!M12 -> -2000 | M12: =G12-I12-J12-K12+L12 -> -2000
B13: 301 | H13: =SUM(F13*G13) -> 0 | L13: ='22.10'!M13 -> 0 | M13: =G13-I13-J13-K13+L13 -> 0
B14: 302 | H14: =SUM(F14*G14) -> 0 | L14: ='22.10'!M14 -> 0 | M14: =G14-I14-J14-K14+L14 -> 0
B15: 303 | H15: =SUM(F15*G15) -> 0 | L15: ='22.10'!M15 -> 0 | M15: =G15-I15-J15-K15+L15 -> 0
B16: 401 | H16: =SUM(F16*G16) -> 0 | L16: ='22.10'!M16 -> 0 | M16: =G16-I16-J16-K16+L16 -> 0
B17: 402 | H17: =SUM(F17*G17) -> 0 | L17: ='22.10'!M17 -> 0 | M17: =G17-I17-J17-K17+L17 -> 0
B18: 403 | H18: =SUM(F18*G18) -> 0 | L18: ='22.10'!M18 -> 0 | M18: =G18-I18-J18-K18+L18 -> 0
... B23: 602 | H23: =SUM(F23*G23) -> 0 | L23: ='22.10'!M23 -> 0 | M23: =G23-I23-J23-K23+L23 -> 0
H25: TOPLAM | I25: =SUM(I7:I23) -> 0 | J25: =SUM(J7:J23) -> 0 | K25: =SUM(K7:K23) -> 0

Sheet 24.10
B4: TARİH | C4: 46319
C5: MİSAFİR | D5: GİRİŞ | E5: ÇIKIŞ | F5: TOPLAM | G5: ODA FİYATI | H5: TOPLAM | I5: ÖDEME TİPİ
B6: ODA NO | C6: ADI SOYADI | D6: TARİHİ | E6: TARİHİ | F6: GECELEME | G6: TL | H6: TUTAR | I6: NAKİT | J6: KREDİ KARTI | K6: HAVALE | L6: DÜNDEN DEVİR | M6: BAKİYE
B7: 101 | H7: =SUM(F7*G7) -> 0 | L7: ='23.10'!M7 -> 0 | M7: =G7-I7-J7-K7+L7 -> 0
B8: 102 | H8: =SUM(F8*G8) -> 0 | L8: ='23.10'!M8 -> 0 | M8: =G8-I8-J8-K8+L8 -> 0
B9: 103 | H9: =SUM(F9*G9) -> 0 | L9: ='23.10'!M9 -> 0 | M9: =G9-I9-J9-K9+L9 -> 0
B10: 201 | H10: =SUM(F10*G10) -> 0 | L10: ='23.10'!M10 -> 0 | M10: =G10-I10-J10-K10+L10 -> 0
B11: 202 | H11: =SUM(F11*G11) -> 0 | L11: ='23.10'!M11 -> -2000 | M11: =G11-I11-J11-K11+L11 -> -2000
B12: 203 | H12: =SUM(F12*G12) -> 0 | L12: ='23.10'!M12 -> -2000 | M12: =G12-I12-J12-K12+L12 -> -2000
B13: 301 | H13: =SUM(F13*G13) -> 0 | L13: ='23.10'!M13 -> 0 | M13: =G13-I13-J13-K13+L13 -> 0
B14: 302 | H14: =SUM(F14*G14) -> 0 | L14: ='23.10'!M14 -> 0 | M14: =G14-I14-J14-K14+L14 -> 0
B15: 303 | H15: =SUM(F15*G15) -> 0 | L15: ='23.10'!M15 -> 0 | M15: =G15-I15-J15-K15+L15 -> 0
B16: 401 | H16: =SUM(F16*G16) -> 0 | L16: ='23.10'!M16 -> 0 | M16: =G16-I16-J16-K16+L16 -> 0
B17: 402 | H17: =SUM(F17*G17) -> 0 | L17: ='23.10'!M17 -> 0 | M17: =G17-I17-J17-K17+L17 -> 0
B18: 403 | H18: =SUM(F18*G18) -> 0 | L18: ='23.10'!M18 -> 0 | M18: =G18-I18-J18-K18+L18 -> 0
... B23: 602 | H23: =SUM(F23*G23) -> 0 | L23: ='23.10'!M23 -> 0 | M23: =G23-I23-J23-K23+L23 -> 0
H25: TOPLAM | I25: =SUM(I7:I23) -> 0 | J25: =SUM(J7:J23) -> 0 | K25: =SUM(K7:K23) -> 0

Sheet 25.10
B4: TARİH | C4: 46320
C5: MİSAFİR | D5: GİRİŞ | E5: ÇIKIŞ | F5: TOPLAM | G5: ODA FİYATI | H5: TOPLAM | I5: ÖDEME TİPİ
B6: ODA NO | C6: ADI SOYADI | D6: TARİHİ | E6: TARİHİ | F6: GECELEME | G6: TL | H6: TUTAR | I6: NAKİT | J6: KREDİ KARTI | K6: HAVALE | L6: DÜNDEN DEVİR | M6: BAKİYE
B7: 101 | H7: =SUM(F7*G7) -> 0 | L7: ='24.10'!M7 -> 0 | M7: =G7-I7-J7-K7+L7 -> 0
B8: 102 | H8: =SUM(F8*G8) -> 0 | L8: ='24.10'!M8 -> 0 | M8: =G8-I8-J8-K8+L8 -> 0
B9: 103 | H9: =SUM(F9*G9) -> 0 | L9: ='24.10'!M9 -> 0 | M9: =G9-I9-J9-K9+L9 -> 0
B10: 201 | H10: =SUM(F10*G10) -> 0 | L10: ='24.10'!M10 -> 0 | M10: =G10-I10-J10-K10+L10 -> 0
B11: 202 | H11: =SUM(F11*G11) -> 0 | L11: ='24.10'!M11 -> -2000 | M11: =G11-I11-J11-K11+L11 -> -2000
B12: 203 | H12: =SUM(F12*G12) -> 0 | L12: ='24.10'!M12 -> -2000 | M12: =G12-I12-J12-K12+L12 -> -2000
B13: 301 | H13: =SUM(F13*G13) -> 0 | L13: ='24.10'!M13 -> 0 | M13: =G13-I13-J13-K13+L13 -> 0
B14: 302 | H14: =SUM(F14*G14) -> 0 | L14: ='24.10'!M14 -> 0 | M14: =G14-I14-J14-K14+L14 -> 0
B15: 303 | H15: =SUM(F15*G15) -> 0 | L15: ='24.10'!M15 -> 0 | M15: =G15-I15-J15-K15+L15 -> 0
B16: 401 | H16: =SUM(F16*G16) -> 0 | L16: ='24.10'!M16 -> 0 | M16: =G16-I16-J16-K16+L16 -> 0
B17: 402 | H17: =SUM(F17*G17) -> 0 | L17: ='24.10'!M17 -> 0 | M17: =G17-I17-J17-K17+L17 -> 0
B18: 403 | H18: =SUM(F18*G18) -> 0 | L18: ='24.10'!M18 -> 0 | M18: =G18-I18-J18-K18+L18 -> 0
... B23: 602 | H23: =SUM(F23*G23) -> 0 | L23: ='24.10'!M23 -> 0 | M23: =G23-I23-J23-K23+L23 -> 0
H25: TOPLAM | I25: =SUM(I7:I23) -> 0 | J25: =SUM(J7:J23) -> 0 | K25: =SUM(K7:K23) -> 0

Sheet 26.10
B4: TARİH | C4: 46321
C5: MİSAFİR | D5: GİRİŞ | E5: ÇIKIŞ | F5: TOPLAM | G5: ODA FİYATI | H5: TOPLAM | I5: ÖDEME TİPİ
B6: ODA NO | C6: ADI SOYADI | D6: TARİHİ | E6: TARİHİ | F6: GECELEME | G6: TL | H6: TUTAR | I6: NAKİT | J6: KREDİ KARTI | K6: HAVALE | L6: DÜNDEN DEVİR | M6: BAKİYE
B7: 101 | H7: =SUM(F7*G7) -> 0 | L7: ='25.10'!M7 -> 0 | M7: =G7-I7-J7-K7+L7 -> 0
B8: 102 | H8: =SUM(F8*G8) -> 0 | L8: ='25.10'!M8 -> 0 | M8: =G8-I8-J8-K8+L8 -> 0
B9: 103 | H9: =SUM(F9*G9) -> 0 | L9: ='25.10'!M9 -> 0 | M9: =G9-I9-J9-K9+L9 -> 0
B10: 201 | H10: =SUM(F10*G10) -> 0 | L10: ='25.10'!M10 -> 0 | M10: =G10-I10-J10-K10+L10 -> 0
B11: 202 | H11: =SUM(F11*G11) -> 0 | L11: ='25.10'!M11 -> -2000 | M11: =G11-I11-J11-K11+L11 -> -2000
B12: 203 | H12: =SUM(F12*G12) -> 0 | L12: ='25.10'!M12 -> -2000 | M12: =G12-I12-J12-K12+L12 -> -2000
B13: 301 | H13: =SUM(F13*G13) -> 0 | L13: ='25.10'!M13 -> 0 | M13: =G13-I13-J13-K13+L13 -> 0
B14: 302 | H14: =SUM(F14*G14) -> 0 | L14: ='25.10'!M14 -> 0 | M14: =G14-I14-J14-K14+L14 -> 0
B15: 303 | H15: =SUM(F15*G15) -> 0 | L15: ='25.10'!M15 -> 0 | M15: =G15-I15-J15-K15+L15 -> 0
B16: 401 | H16: =SUM(F16*G16) -> 0 | L16: ='25.10'!M16 -> 0 | M16: =G16-I16-J16-K16+L16 -> 0
B17: 402 | H17: =SUM(F17*G17) -> 0 | L17: ='25.10'!M17 -> 0 | M17: =G17-I17-J17-K17+L17 -> 0
B18: 403 | H18: =SUM(F18*G18) -> 0 | L18: ='25.10'!M18 -> 0 | M18: =G18-I18-J18-K18+L18 -> 0
... B23: 602 | H23: =SUM(F23*G23) -> 0 | L23: ='25.10'!M23 -> 0 | M23: =G23-I23-J23-K23+L23 -> 0
H25: TOPLAM | I25: =SUM(I7:I23) -> 0 | J25: =SUM(J7:J23) -> 0 | K25: =SUM(K7:K23) -> 0

Sheet 27.10
B4: TARİH | C4: 46322
C5: MİSAFİR | D5: GİRİŞ | E5: ÇIKIŞ | F5: TOPLAM | G5: ODA FİYATI | H5: TOPLAM | I5: ÖDEME TİPİ
B6: ODA NO | C6: ADI SOYADI | D6: TARİHİ | E6: TARİHİ | F6: GECELEME | G6: TL | H6: TUTAR | I6: NAKİT | J6: KREDİ KARTI | K6: HAVALE | L6: DÜNDEN DEVİR | M6: BAKİYE
B7: 101 | H7: =SUM(F7*G7) -> 0 | L7: ='26.10'!M7 -> 0 | M7: =G7-I7-J7-K7+L7 -> 0
B8: 102 | H8: =SUM(F8*G8) -> 0 | L8: ='26.10'!M8 -> 0 | M8: =G8-I8-J8-K8+L8 -> 0
B9: 103 | H9: =SUM(F9*G9) -> 0 | L9: ='26.10'!M9 -> 0 | M9: =G9-I9-J9-K9+L9 -> 0
B10: 201 | H10: =SUM(F10*G10) -> 0 | L10: ='26.10'!M10 -> 0 | M10: =G10-I10-J10-K10+L10 -> 0
B11: 202 | H11: =SUM(F11*G11) -> 0 | L11: ='26.10'!M11 -> -2000 | M11: =G11-I11-J11-K11+L11 -> -2000
B12: 203 | H12: =SUM(F12*G12) -> 0 | L12: ='26.10'!M12 -> -2000 | M12: =G12-I12-J12-K12+L12 -> -2000
B13: 301 | H13: =SUM(F13*G13) -> 0 | L13: ='26.10'!M13 -> 0 | M13: =G13-I13-J13-K13+L13 -> 0
B14: 302 | H14: =SUM(F14*G14) -> 0 | L14: ='26.10'!M14 -> 0 | M14: =G14-I14-J14-K14+L14 -> 0
B15: 303 | H15: =SUM(F15*G15) -> 0 | L15: ='26.10'!M15 -> 0 | M15: =G15-I15-J15-K15+L15 -> 0
B16: 401 | H16: =SUM(F16*G16) -> 0 | L16: ='26.10'!M16 -> 0 | M16: =G16-I16-J16-K16+L16 -> 0
B17: 402 | H17: =SUM(F17*G17) -> 0 | L17: ='26.10'!M17 -> 0 | M17: =G17-I17-J17-K17+L17 -> 0
B18: 403 | H18: =SUM(F18*G18) -> 0 | L18: ='26.10'!M18 -> 0 | M18: =G18-I18-J18-K18+L18 -> 0
... B23: 602 | H23: =SUM(F23*G23) -> 0 | L23: ='26.10'!M23 -> 0 | M23: =G23-I23-J23-K23+L23 -> 0
H25: TOPLAM | I25: =SUM(I7:I23) -> 0 | J25: =SUM(J7:J23) -> 0 | K25: =SUM(K7:K23) -> 0

Sheet 28.10
B4: TARİH | C4: 46323
C5: MİSAFİR | D5: GİRİŞ | E5: ÇIKIŞ | F5: TOPLAM | G5: ODA FİYATI | H5: TOPLAM | I5: ÖDEME TİPİ
B6: ODA NO | C6: ADI SOYADI | D6: TARİHİ | E6: TARİHİ | F6: GECELEME | G6: TL | H6: TUTAR | I6: NAKİT | J6: KREDİ KARTI | K6: HAVALE | L6: DÜNDEN DEVİR | M6: BAKİYE
B7: 101 | H7: =SUM(F7*G7) -> 0 | L7: ='27.10'!M7 -> 0 | M7: =G7-I7-J7-K7+L7 -> 0
B8: 102 | H8: =SUM(F8*G8) -> 0 | L8: ='27.10'!M8 -> 0 | M8: =G8-I8-J8-K8+L8 -> 0
B9: 103 | H9: =SUM(F9*G9) -> 0 | L9: ='27.10'!M9 -> 0 | M9: =G9-I9-J9-K9+L9 -> 0
B10: 201 | H10: =SUM(F10*G10) -> 0 | L10: ='27.10'!M10 -> 0 | M10: =G10-I10-J10-K10+L10 -> 0
B11: 202 | H11: =SUM(F11*G11) -> 0 | L11: ='27.10'!M11 -> -2000 | M11: =G11-I11-J11-K11+L11 -> -2000
B12: 203 | H12: =SUM(F12*G12) -> 0 | L12: ='27.10'!M12 -> -2000 | M12: =G12-I12-J12-K12+L12 -> -2000
B13: 301 | H13: =SUM(F13*G13) -> 0 | L13: ='27.10'!M13 -> 0 | M13: =G13-I13-J13-K13+L13 -> 0
B14: 302 | H14: =SUM(F14*G14) -> 0 | L14: ='27.10'!M14 -> 0 | M14: =G14-I14-J14-K14+L14 -> 0
B15: 303 | H15: =SUM(F15*G15) -> 0 | L15: ='27.10'!M15 -> 0 | M15: =G15-I15-J15-K15+L15 -> 0
B16: 401 | H16: =SUM(F16*G16) -> 0 | L16: ='27.10'!M16 -> 0 | M16: =G16-I16-J16-K16+L16 -> 0
B17: 402 | H17: =SUM(F17*G17) -> 0 | L17: ='27.10'!M17 -> 0 | M17: =G17-I17-J17-K17+L17 -> 0
B18: 403 | H18: =SUM(F18*G18) -> 0 | L18: ='27.10'!M18 -> 0 | M18: =G18-I18-J18-K18+L18 -> 0
... B23: 602 | H23: =SUM(F23*G23) -> 0 | L23: ='27.10'!M23 -> 0 | M23: =G23-I23-J23-K23+L23 -> 0
H25: TOPLAM | I25: =SUM(I7:I23) -> 0 | J25: =SUM(J7:J23) -> 0 | K25: =SUM(K7:K23) -> 0

Sheet 29.10
B4: TARİH | C4: 46324
C5: MİSAFİR | D5: GİRİŞ | E5: ÇIKIŞ | F5: TOPLAM | G5: ODA FİYATI | H5: TOPLAM | I5: ÖDEME TİPİ
B6: ODA NO | C6: ADI SOYADI | D6: TARİHİ | E6: TARİHİ | F6: GECELEME | G6: TL | H6: TUTAR | I6: NAKİT | J6: KREDİ KARTI | K6: HAVALE | L6: DÜNDEN DEVİR | M6: BAKİYE
B7: 101 | H7: =SUM(F7*G7) -> 0 | L7: ='28.10'!M7 -> 0 | M7: =G7-I7-J7-K7+L7 -> 0
B8: 102 | H8: =SUM(F8*G8) -> 0 | L8: ='28.10'!M8 -> 0 | M8: =G8-I8-J8-K8+L8 -> 0
B9: 103 | H9: =SUM(F9*G9) -> 0 | L9: ='28.10'!M9 -> 0 | M9: =G9-I9-J9-K9+L9 -> 0
B10: 201 | H10: =SUM(F10*G10) -> 0 | L10: ='28.10'!M10 -> 0 | M10: =G10-I10-J10-K10+L10 -> 0
B11: 202 | H11: =SUM(F11*G11) -> 0 | L11: ='28.10'!M11 -> -2000 | M11: =G11-I11-J11-K11+L11 -> -2000
B12: 203 | H12: =SUM(F12*G12) -> 0 | L12: ='28.10'!M12 -> -2000 | M12: =G12-I12-J12-K12+L12 -> -2000
B13: 301 | H13: =SUM(F13*G13) -> 0 | L13: ='28.10'!M13 -> 0 | M13: =G13-I13-J13-K13+L13 -> 0
B14: 302 | H14: =SUM(F14*G14) -> 0 | L14: ='28.10'!M14 -> 0 | M14: =G14-I14-J14-K14+L14 -> 0
B15: 303 | H15: =SUM(F15*G15) -> 0 | L15: ='28.10'!M15 -> 0 | M15: =G15-I15-J15-K15+L15 -> 0
B16: 401 | H16: =SUM(F16*G16) -> 0 | L16: ='28.10'!M16 -> 0 | M16: =G16-I16-J16-K16+L16 -> 0
B17: 402 | H17: =SUM(F17*G17) -> 0 | L17: ='28.10'!M17 -> 0 | M17: =G17-I17-J17-K17+L17 -> 0
B18: 403 | H18: =SUM(F18*G18) -> 0 | L18: ='28.10'!M18 -> 0 | M18: =G18-I18-J18-K18+L18 -> 0
... B23: 602 | H23: =SUM(F23*G23) -> 0 | L23: ='28.10'!M23 -> 0 | M23: =G23-I23-J23-K23+L23 -> 0
H25: TOPLAM | I25: =SUM(I7:I23) -> 0 | J25: =SUM(J7:J23) -> 0 | K25: =SUM(K7:K23) -> 0

Sheet 30.10
B4: TARİH | C4: 46325
C5: MİSAFİR | D5: GİRİŞ | E5: ÇIKIŞ | F5: TOPLAM | G5: ODA FİYATI | H5: TOPLAM | I5: ÖDEME TİPİ
B6: ODA NO | C6: ADI SOYADI | D6: TARİHİ | E6: TARİHİ | F6: GECELEME | G6: TL | H6: TUTAR | I6: NAKİT | J6: KREDİ KARTI | K6: HAVALE | L6: DÜNDEN DEVİR | M6: BAKİYE
B7: 101 | H7: =SUM(F7*G7) -> 0 | L7: ='29.10'!M7 -> 0 | M7: =G7-I7-J7-K7+L7 -> 0
B8: 102 | H8: =SUM(F8*G8) -> 0 | L8: ='29.10'!M8 -> 0 | M8: =G8-I8-J8-K8+L8 -> 0
B9: 103 | H9: =SUM(F9*G9) -> 0 | L9: ='29.10'!M9 -> 0 | M9: =G9-I9-J9-K9+L9 -> 0
B10: 201 | H10: =SUM(F10*G10) -> 0 | L10: ='29.10'!M10 -> 0 | M10: =G10-I10-J10-K10+L10 -> 0
B11: 202 | H11: =SUM(F11*G11) -> 0 | L11: ='29.10'!M11 -> -2000 | M11: =G11-I11-J11-K11+L11 -> -2000
B12: 203 | H12: =SUM(F12*G12) -> 0 | L12: ='29.10'!M12 -> -2000 | M12: =G12-I12-J12-K12+L12 -> -2000
B13: 301 | H13: =SUM(F13*G13) -> 0 | L13: ='29.10'!M13 -> 0 | M13: =G13-I13-J13-K13+L13 -> 0
B14: 302 | H14: =SUM(F14*G14) -> 0 | L14: ='29.10'!M14 -> 0 | M14: =G14-I14-J14-K14+L14 -> 0
B15: 303 | H15: =SUM(F15*G15) -> 0 | L15: ='29.10'!M15 -> 0 | M15: =G15-I15-J15-K15+L15 -> 0
B16: 401 | H16: =SUM(F16*G16) -> 0 | L16: ='29.10'!M16 -> 0 | M16: =G16-I16-J16-K16+L16 -> 0
B17: 402 | H17: =SUM(F17*G17) -> 0 | L17: ='29.10'!M17 -> 0 | M17: =G17-I17-J17-K17+L17 -> 0
B18: 403 | H18: =SUM(F18*G18) -> 0 | L18: ='29.10'!M18 -> 0 | M18: =G18-I18-J18-K18+L18 -> 0
... B23: 602 | H23: =SUM(F23*G23) -> 0 | L23: ='29.10'!M23 -> 0 | M23: =G23-I23-J23-K23+L23 -> 0
H25: TOPLAM | I25: =SUM(I7:I23) -> 0 | J25: =SUM(J7:J23) -> 0 | K25: =SUM(K7:K23) -> 0

Sheet 31.10
B4: TARİH | C4: 46326
C5: MİSAFİR | D5: GİRİŞ | E5: ÇIKIŞ | F5: TOPLAM | G5: ODA FİYATI | H5: TOPLAM | I5: ÖDEME TİPİ
B6: ODA NO | C6: ADI SOYADI | D6: TARİHİ | E6: TARİHİ | F6: GECELEME | G6: TL | H6: TUTAR | I6: NAKİT | J6: KREDİ KARTI | K6: HAVALE | L6: DÜNDEN DEVİR | M6: BAKİYE
B7: 101 | H7: =SUM(F7*G7) -> 0 | L7: ='30.10'!M7 -> 0 | M7: =G7-I7-J7-K7+L7 -> 0
B8: 102 | H8: =SUM(F8*G8) -> 0 | L8: ='30.10'!M8 -> 0 | M8: =G8-I8-J8-K8+L8 -> 0
B9: 103 | H9: =SUM(F9*G9) -> 0 | L9: ='30.10'!M9 -> 0 | M9: =G9-I9-J9-K9+L9 -> 0
B10: 201 | H10: =SUM(F10*G10) -> 0 | L10: ='30.10'!M10 -> 0 | M10: =G10-I10-J10-K10+L10 -> 0
B11: 202 | H11: =SUM(F11*G11) -> 0 | L11: ='30.10'!M11 -> -2000 | M11: =G11-I11-J11-K11+L11 -> -2000
B12: 203 | H12: =SUM(F12*G12) -> 0 | L12: ='30.10'!M12 -> -2000 | M12: =G12-I12-J12-K12+L12 -> -2000
B13: 301 | H13: =SUM(F13*G13) -> 0 | L13: ='30.10'!M13 -> 0 | M13: =G13-I13-J13-K13+L13 -> 0
B14: 302 | H14: =SUM(F14*G14) -> 0 | L14: ='30.10'!M14 -> 0 | M14: =G14-I14-J14-K14+L14 -> 0
B15: 303 | H15: =SUM(F15*G15) -> 0 | L15: ='30.10'!M15 -> 0 | M15: =G15-I15-J15-K15+L15 -> 0
B16: 401 | H16: =SUM(F16*G16) -> 0 | L16: ='30.10'!M16 -> 0 | M16: =G16-I16-J16-K16+L16 -> 0
B17: 402 | H17: =SUM(F17*G17) -> 0 | L17: ='30.10'!M17 -> 0 | M17: =G17-I17-J17-K17+L17 -> 0
B18: 403 | H18: =SUM(F18*G18) -> 0 | L18: ='30.10'!M18 -> 0 | M18: =G18-I18-J18-K18+L18 -> 0
... B23: 602 | H23: =SUM(F23*G23) -> 0 | L23: ='30.10'!M23 -> 0 | M23: =G23-I23-J23-K23+L23 -> 0
H25: TOPLAM | I25: =SUM(I7:I23) -> 0 | J25: =SUM(J7:J23) -> 0 | K25: =SUM(K7:K23) -> 0
